{
  "id": "4662056",
  "name": "tiantianshengxian",
  "font_family": "iconfont",
  "css_prefix_text": "icon-",
  "description": "",
  "glyphs": [
    {
      "icon_id": "122704",
      "name": "more",
      "font_class": "more",
      "unicode": "e6a7",
      "unicode_decimal": 59047
    },
    {
      "icon_id": "278749",
      "name": "rmb",
      "font_class": "rmb",
      "unicode": "e6b0",
      "unicode_decimal": 59056
    },
    {
      "icon_id": "34453005",
      "name": "left",
      "font_class": "left",
      "unicode": "e83d",
      "unicode_decimal": 59453
    },
    {
      "icon_id": "34453038",
      "name": "right",
      "font_class": "right",
      "unicode": "e841",
      "unicode_decimal": 59457
    },
    {
      "icon_id": "34453043",
      "name": "selected",
      "font_class": "selected",
      "unicode": "e842",
      "unicode_decimal": 59458
    },
    {
      "icon_id": "34452777",
      "name": "cart-add",
      "font_class": "cart-add",
      "unicode": "e824",
      "unicode_decimal": 59428
    },
    {
      "icon_id": "34452796",
      "name": "cart-empty",
      "font_class": "cart-empty",
      "unicode": "e826",
      "unicode_decimal": 59430
    },
    {
      "icon_id": "34452956",
      "name": "add",
      "font_class": "add",
      "unicode": "e835",
      "unicode_decimal": 59445
    },
    {
      "icon_id": "34452990",
      "name": "delete",
      "font_class": "delete",
      "unicode": "e839",
      "unicode_decimal": 59449
    },
    {
      "icon_id": "34453039",
      "name": "reduce",
      "font_class": "reduce",
      "unicode": "e840",
      "unicode_decimal": 59456
    }
  ]
}
